filename,prediction_type,semantic_cause
fp_residual_00_E_000876_c0.98_a9114.jpg,FP,infra_pole
fp_residual_01_E_000900_c0.98_a9482.jpg,FP,infra_pole
fp_residual_02_E_000102_c0.95_a172340.jpg,FP,shadow_glare
fp_residual_03_E_000912_c0.95_a9120.jpg,FP,infra_pole
fp_residual_04_E_000876_c0.95_a7870.jpg,FP,infra_pole
fp_residual_05_E_000906_c0.94_a9344.jpg,FP,infra_pole
fp_residual_06_F_000000_c0.93_a2727.jpg,FP,proxy_gt_miss
fp_residual_07_E_000012_c0.93_a10910.jpg,FP,gantry_sign
fp_residual_08_E_000828_c0.93_a40968.jpg,FP,proxy_gt_miss
fp_residual_09_E_000900_c0.92_a9454.jpg,FP,infra_pole
fp_residual_10_E_000000_c0.91_a12610.jpg,FP,gantry_sign
fp_residual_11_E_000084_c0.91_a63860.jpg,FP,proxy_gt_miss
fp_residual_12_E_000096_c0.91_a172776.jpg,FP,shadow_glare
fp_residual_13_E_000126_c0.90_a217354.jpg,FP,shadow_glare
fp_residual_14_E_000108_c0.90_a194104.jpg,FP,shadow_glare
fp_residual_15_E_000264_c0.90_a12019.jpg,FP,uncertain
fp_residual_16_E_000486_c0.89_a11679.jpg,FP,gantry_sign
fp_residual_17_E_000048_c0.89_a154824.jpg,FP,shadow_glare
fp_residual_18_E_000912_c0.89_a9308.jpg,FP,infra_pole
fp_residual_19_E_000132_c0.89_a232026.jpg,FP,shadow_glare
fp_residual_20_E_000492_c0.89_a11459.jpg,FP,gantry_sign
fp_residual_21_E_000852_c0.88_a12995.jpg,FP,gantry_sign
fp_residual_22_F_000290_c0.88_a10434.jpg,FP,partial_vehicle
fp_residual_23_F_000085_c0.88_a13601.jpg,FP,proxy_gt_miss
fp_residual_24_E_000180_c0.88_a64777.jpg,FP,proxy_gt_miss
fp_residual_25_F_000050_c0.88_a2180.jpg,FP,gantry_sign
fp_residual_26_E_000468_c0.88_a13929.jpg,FP,gantry_sign
fp_residual_27_F_000260_c0.87_a3100.jpg,FP,shadow_glare
fp_residual_28_E_000216_c0.87_a11375.jpg,FP,several_uncertain
fp_residual_29_E_000456_c0.87_a17102.jpg,FP,gantry_sign
fp_residual_30_E_000882_c0.87_a9090.jpg,FP,infra_pole
fp_residual_31_E_000822_c0.87_a27453.jpg,FP,proxy_gt_miss
fp_residual_32_E_000894_c0.86_a8895.jpg,FP,infra_pole
fp_residual_33_E_000198_c0.86_a11513.jpg,FP,several_uncertain
fp_residual_34_F_000155_c0.86_a2391.jpg,FP,proxy_gt_miss
fp_residual_35_F_000245_c0.86_a4527.jpg,FP,proxy_gt_miss
fp_residual_36_E_000120_c0.86_a213742.jpg,FP,shadow_glare
fp_residual_37_E_000864_c0.85_a9083.jpg,FP,partial_vehicle
fp_residual_38_E_000450_c0.84_a17581.jpg,FP,gantry_sign
fp_residual_39_E_000498_c0.84_a10364.jpg,FP,gantry_sign
fp_residual_40_E_000126_c0.84_a12339.jpg,FP,partial_vehicle
fp_residual_41_E_000474_c0.84_a14581.jpg,FP,gantry_sign
fp_residual_42_F_000040_c0.83_a2208.jpg,FP,gantry_sign
fp_residual_43_F_000025_c0.83_a2378.jpg,FP,gantry_sign
fp_residual_44_E_000864_c0.83_a12030.jpg,FP,gantry_sign
fp_residual_45_E_000090_c0.82_a174237.jpg,FP,shadow_glare
fp_residual_46_E_000480_c0.82_a13699.jpg,FP,gantry_sign
fp_residual_47_E_000054_c0.82_a156296.jpg,FP,shadow_glare
fp_residual_48_E_000222_c0.82_a8544.jpg,FP,several_uncertain
fp_residual_49_F_000045_c0.82_a2149.jpg,FP,gantry_sign
fn_near_00_E_000258_a150335.jpg,FN,motion_blur
fn_near_01_E_000288_a146556.jpg,FN,motion_blur
fn_near_02_E_000000_a144143.jpg,FN,label_noise
fn_near_03_E_000264_a139356.jpg,FN,truncated
fn_near_04_E_000294_a127550.jpg,FN,motion_blur
fn_near_05_E_000006_a124739.jpg,FN,label_noise
fn_near_06_E_000276_a105508.jpg,FN,motion_blur
fn_near_07_E_000288_a101043.jpg,FN,motion_blur
fn_near_08_E_000678_a99580.jpg,FN,motion_blur
fn_near_09_E_000270_a98052.jpg,FN,motion_blur
fn_near_10_E_000318_a93599.jpg,FN,truncated
fn_near_11_E_000516_a92895.jpg,FN,motion_blur
fn_near_12_E_000696_a91133.jpg,FN,truncated
fn_near_13_E_000600_a90652.jpg,FN,motion_blur
fn_near_14_E_000612_a90525.jpg,FN,truncated
fn_near_15_E_000606_a89559.jpg,FN,motion_blur
fn_near_16_E_000522_a89034.jpg,FN,motion_blur
fn_near_17_E_000576_a89020.jpg,FN,motion_blur
fn_near_18_E_000588_a88519.jpg,FN,motion_blur
fn_near_19_E_000690_a88208.jpg,FN,truncated
fn_near_20_E_000582_a87948.jpg,FN,motion_blur
fn_near_21_E_000540_a87366.jpg,FN,motion_blur
fn_near_22_E_000144_a85320.jpg,FN,motion_blur
fn_near_23_E_000300_a84736.jpg,FN,truncated
fn_near_24_E_000564_a82944.jpg,FN,motion_blur
fn_near_25_E_000618_a82787.jpg,FN,truncated
fn_near_26_E_000276_a82677.jpg,FN,motion_blur
fn_near_27_E_000510_a79559.jpg,FN,truncated
fn_near_28_E_000624_a77685.jpg,FN,truncated
fn_near_29_E_000504_a73260.jpg,FN,truncated
fn_near_30_E_000642_a71428.jpg,FN,truncated
fn_near_31_E_000636_a69498.jpg,FN,truncated
fn_near_32_E_000630_a69155.jpg,FN,truncated
fn_near_33_E_000654_a68328.jpg,FN,truncated
fn_near_34_E_000648_a67555.jpg,FN,truncated
fn_near_35_E_000666_a62236.jpg,FN,truncated
fn_near_36_E_000324_a54810.jpg,FN,truncated
fn_near_37_E_000750_a49770.jpg,FN,truncated
fn_near_38_E_000744_a47735.jpg,FN,truncated
fn_near_39_F_000250_a26048.jpg,FN,label_noise
fn_near_40_F_000230_a15017.jpg,FN,articulated
fn_near_41_F_000225_a14669.jpg,FN,articulated
fn_near_42_F_000235_a14040.jpg,FN,articulated
fn_near_43_F_000240_a13031.jpg,FN,label_noise
fn_near_44_F_000250_a12627.jpg,FN,articulated
fn_near_45_F_000255_a12284.jpg,FN,articulated
fn_near_46_F_000245_a11880.jpg,FN,articulated
fn_near_47_F_000190_a11618.jpg,FN,articulated
fn_near_48_F_000120_a11340.jpg,FN,motion_blur
fn_near_49_F_000135_a9260.jpg,FN,articulated
